,Animals,Mean,5%,25%,50%,75%,95%
0,Pigs,0.527,0.05628,0.45315,0.546,0.621,0.995
1,Chickens,0.483,0.0307,0.42801,0.506,0.576,0.92
2,Carp,0.319,0.00054,0.2295,0.295,0.369,0.765
3,Octopuses,0.345,0.02899,0.22329,0.322,0.396,0.838
4,Shrimp,0.12,0.00025,0.03325,0.06,0.109,0.479
5,BSF,0.109,0.00013,0.02432,0.062,0.105,0.452
