,Animals,Mean,5%,25%,50%,75%,95%
0,Pigs,0.05605,0.04645,0.05615,0.05775,0.05829,0.0585
1,Chickens,0.03174,0.02735,0.03067,0.03227,0.03337,0.03444
2,Carp,0.00059,0.00047,0.00054,0.00059,0.00064,0.00072
3,Octopuses,0.0315,0.02092,0.02894,0.03274,0.03541,0.03802
4,Shrimp,0.00034,0.00017,0.00025,0.00032,0.00041,0.0006
5,BSF,0.00019,6e-05,0.00014,0.00019,0.00025,0.00032
