,Animals,Mean,5%,25%,50%,75%,95%
0,Pigs,0.05614,0.046976,0.0562,0.05781,0.05836,0.05859
1,Chickens,0.03178,0.027302,0.03069,0.0323,0.03343,0.03452
2,Carp,0.00059,0.000463,0.00054,0.00059,0.00064,0.00072
3,Octopuses,0.03163,0.021193,0.02911,0.03282,0.03549,0.03805
4,Shrimp,0.00035,0.000172,0.00025,0.00032,0.00042,0.0006
5,BSF,0.00019,5.4e-05,0.00013,0.00019,0.00025,0.00032
